Point_1:,SQ1_CP1_DF_OAT
Point_2:,1CHWS
Point_3:,1CHWR
Point_4:,SQ1_CP1_DF_CH1_TONS
Point_5:,SQ1_CP1_DF_CH2_TONS
Point_6:,SQ1_CP1_DF_CH3_TONS
Point_7:,SQ1_CP1_DF_CH4_TONS
Point_8:,SQ1_CP1_DF_CH1_KW
Point_9:,SQ1_CP1_DF_CH1_KWT
Point_10:,SQ1_CP1_DF_CH2_KW
Point_11:,SQ1_CP1_DF_CH2_KWT
Point_12:,SQ1_CP1_DF_CH3_KW
Point_13:,SQ1_CP1_DF_CH3_KWT
Point_14:,SQ1_CP1_DF_CH4_KW
Point_15:,SQ1_CP1_DF_CH4_KWT
Point_16:,SQ1.PCHW1.PMP.VFD:CMD REF
Point_17:,SQ1.PCHW2.PMP.VFD:CMD REF
Point_18:,SQ1.PCHW3.PMP.VFD:CMD REF
Point_19:,SQ1.PCHW4.PMP4A.VFD:CMD REF
Point_20:,SQ1.PCHW4.PMP4B.VFD:CMD REF
Point_21:,SQ1_CP1_DF_CHWP1_KW
Point_22:,SQ1_CP1_DF_CHWP2_KW
Point_23:,SQ1_CP1_DF_CHWP3_KW
Point_24:,SQ1_CP1_DF_CHWP4_KW
Point_25:,SQ1_CP1_DF_CHWP4A_KW
Point_26:,SQ1_CP1_DF_CHWP4B_KW
Point_27:,SQ1_CP1_DF_CT1_VFD_SPD
Point_28:,SQ1_CP1_DF_CT2_VFD_SPD
Point_29:,SQ1_CP1_DF_CT3_VFD_SPD
Point_30:,SQ1_CP1_DF_CT1_KW
Point_31:,SQ1_CP1_DF_CT2_KW
Point_32:,SQ1_CP1_DF_CT3_KW
Point_33:,SQ1.PCW1.PMP.VFD:CMD REF
Point_34:,SQ1.PCW2.PMP.VFD:CMD REF
Point_35:,SQ1.PCW3.PMP3.VFD:CMD REF
Point_36:,SQ1.PCW4.PMP4A.VFD:CMD REF
Point_37:,SQ1.PCW4.PMP4B.VFD:CMD REF
Point_38:,SQ1.SCHW1.PMP.VFD:CMD REF
Point_39:,SQ1.SCHW2.PMP.VFD:CMD REF
Point_40:,SQ1_CP1_DF_SCHWP1_KW
Point_41:,SQ1_CP1_DF_SCHWP2_KW
Point_42:,SQ1_CP1_DF_SCHWP_KW
Point_43:,1CDWR
Point_44:,1CDWS
Point_45:,SQ1_CP1_DF_CH1_CHW_FLOW
Point_46:,SQ1_CP1_DF_CH2_CHW_FLOW
Point_47:,SQ1_CP1_DF_CH3_CHW_FLOW
Point_48:,SQ1_CP1_DF_CH4_CHW_FLOW
Point_49:,SQ1_CP1_DF_CH1_CW_FLOW
Point_50:,SQ1_CP1_DF_CH2_CW_FLOW
Point_51:,SQ1_CP1_DF_CH3_CW_FLOW
Point_52:,SQ1_CP1_DF_CH4_CW_FLOW
